Name,extention,framerate,duration(s),width,height,gsd(km/px),real_width(km),real_height(km)
DJI_0406,MP4,29.97002997002997,290,1920,1080,0.00011145404663923184,0.21399176954732513,0.12037037037037039
